{"annotations": [{"label": 0, "points": {"x_min": 52, "y_min": 417, "x_max": 209, "y_max": 471}}, {"label": 0, "points": {"x_min": 52, "y_min": 417, "x_max": 209, "y_max": 471}}, {"label": 0, "points": {"x_min": 52, "y_min": 383, "x_max": 378, "y_max": 471}}, {"label": 0, "points": {"x_min": 52, "y_min": 383, "x_max": 378, "y_max": 471}}, {"label": 0, "points": {"x_min": 52, "y_min": 383, "x_max": 378, "y_max": 473}}, {"label": 0, "points": {"x_min": 52, "y_min": 383, "x_max": 378, "y_max": 473}}]}