{"annotations": [{"label": 0, "points": {"x_min": 256, "y_min": 307, "x_max": 425, "y_max": 509}}, {"label": 0, "points": {"x_min": 250, "y_min": 302, "x_max": 425, "y_max": 509}}, {"label": 0, "points": {"x_min": 247, "y_min": 299, "x_max": 425, "y_max": 510}}, {"label": 0, "points": {"x_min": 247, "y_min": 299, "x_max": 425, "y_max": 510}}, {"label": 0, "points": {"x_min": 247, "y_min": 299, "x_max": 425, "y_max": 510}}, {"label": 0, "points": {"x_min": 247, "y_min": 299, "x_max": 425, "y_max": 510}}]}