{"annotations": [{"label": 0, "points": {"x_min": 108, "y_min": 342, "x_max": 342, "y_max": 404}}, {"label": 0, "points": {"x_min": 108, "y_min": 342, "x_max": 342, "y_max": 405}}, {"label": 0, "points": {"x_min": 108, "y_min": 342, "x_max": 342, "y_max": 458}}, {"label": 0, "points": {"x_min": 108, "y_min": 342, "x_max": 342, "y_max": 469}}, {"label": 0, "points": {"x_min": 108, "y_min": 342, "x_max": 342, "y_max": 469}}, {"label": 0, "points": {"x_min": 108, "y_min": 342, "x_max": 342, "y_max": 472}}, {"label": 0, "points": {"x_min": 108, "y_min": 342, "x_max": 387, "y_max": 472}}]}