{"annotations": [{"label": 0, "points": {"x_min": 327, "y_min": 395, "x_max": 414, "y_max": 511}}, {"label": 0, "points": {"x_min": 294, "y_min": 351, "x_max": 414, "y_max": 511}}, {"label": 0, "points": {"x_min": 294, "y_min": 351, "x_max": 425, "y_max": 511}}, {"label": 0, "points": {"x_min": 242, "y_min": 288, "x_max": 425, "y_max": 511}}, {"label": 0, "points": {"x_min": 242, "y_min": 288, "x_max": 425, "y_max": 511}}, {"label": 0, "points": {"x_min": 236, "y_min": 277, "x_max": 425, "y_max": 511}}, {"label": 0, "points": {"x_min": 236, "y_min": 277, "x_max": 425, "y_max": 511}}]}