{"annotations": [{"label": 0, "points": {"x_min": 345, "y_min": 374, "x_max": 498, "y_max": 507}}, {"label": 0, "points": {"x_min": 236, "y_min": 289, "x_max": 498, "y_max": 507}}, {"label": 0, "points": {"x_min": 236, "y_min": 289, "x_max": 498, "y_max": 507}}, {"label": 0, "points": {"x_min": 234, "y_min": 280, "x_max": 498, "y_max": 507}}, {"label": 0, "points": {"x_min": 234, "y_min": 280, "x_max": 498, "y_max": 507}}, {"label": 0, "points": {"x_min": 234, "y_min": 280, "x_max": 498, "y_max": 507}}]}