{"annotations": [{"label": 0, "points": {"x_min": 244, "y_min": 274, "x_max": 383, "y_max": 413}}, {"label": 0, "points": {"x_min": 244, "y_min": 274, "x_max": 383, "y_max": 506}}, {"label": 0, "points": {"x_min": 244, "y_min": 263, "x_max": 406, "y_max": 506}}, {"label": 0, "points": {"x_min": 244, "y_min": 263, "x_max": 410, "y_max": 506}}, {"label": 0, "points": {"x_min": 244, "y_min": 263, "x_max": 427, "y_max": 506}}, {"label": 0, "points": {"x_min": 244, "y_min": 263, "x_max": 427, "y_max": 506}}, {"label": 0, "points": {"x_min": 241, "y_min": 263, "x_max": 427, "y_max": 506}}, {"label": 0, "points": {"x_min": 241, "y_min": 263, "x_max": 427, "y_max": 506}}, {"label": 0, "points": {"x_min": 241, "y_min": 263, "x_max": 427, "y_max": 506}}, {"label": 0, "points": {"x_min": 241, "y_min": 260, "x_max": 438, "y_max": 506}}, {"label": 0, "points": {"x_min": 241, "y_min": 260, "x_max": 438, "y_max": 506}}, {"label": 0, "points": {"x_min": 235, "y_min": 260, "x_max": 438, "y_max": 506}}, {"label": 0, "points": {"x_min": 235, "y_min": 260, "x_max": 438, "y_max": 506}}, {"label": 0, "points": {"x_min": 235, "y_min": 260, "x_max": 438, "y_max": 506}}, {"label": 0, "points": {"x_min": 235, "y_min": 260, "x_max": 440, "y_max": 506}}, {"label": 0, "points": {"x_min": 235, "y_min": 260, "x_max": 440, "y_max": 506}}, {"label": 0, "points": {"x_min": 235, "y_min": 260, "x_max": 440, "y_max": 506}}]}