{"annotations": [{"label": 0, "points": {"x_min": 305, "y_min": 343, "x_max": 461, "y_max": 510}}, {"label": 0, "points": {"x_min": 236, "y_min": 278, "x_max": 461, "y_max": 510}}, {"label": 0, "points": {"x_min": 236, "y_min": 278, "x_max": 461, "y_max": 510}}, {"label": 0, "points": {"x_min": 236, "y_min": 278, "x_max": 461, "y_max": 510}}, {"label": 0, "points": {"x_min": 236, "y_min": 278, "x_max": 461, "y_max": 510}}, {"label": 0, "points": {"x_min": 236, "y_min": 278, "x_max": 461, "y_max": 510}}, {"label": 0, "points": {"x_min": 236, "y_min": 278, "x_max": 461, "y_max": 511}}]}