{"annotations": [{"label": 0, "points": {"x_min": 248, "y_min": 288, "x_max": 375, "y_max": 415}}, {"label": 0, "points": {"x_min": 248, "y_min": 283, "x_max": 420, "y_max": 438}}, {"label": 0, "points": {"x_min": 248, "y_min": 283, "x_max": 420, "y_max": 450}}, {"label": 0, "points": {"x_min": 248, "y_min": 283, "x_max": 420, "y_max": 492}}, {"label": 0, "points": {"x_min": 248, "y_min": 283, "x_max": 420, "y_max": 492}}, {"label": 0, "points": {"x_min": 248, "y_min": 268, "x_max": 420, "y_max": 492}}, {"label": 0, "points": {"x_min": 248, "y_min": 268, "x_max": 420, "y_max": 492}}, {"label": 0, "points": {"x_min": 248, "y_min": 268, "x_max": 420, "y_max": 492}}, {"label": 0, "points": {"x_min": 248, "y_min": 268, "x_max": 420, "y_max": 492}}, {"label": 0, "points": {"x_min": 248, "y_min": 268, "x_max": 420, "y_max": 492}}, {"label": 0, "points": {"x_min": 248, "y_min": 268, "x_max": 420, "y_max": 492}}, {"label": 0, "points": {"x_min": 248, "y_min": 268, "x_max": 420, "y_max": 492}}, {"label": 0, "points": {"x_min": 248, "y_min": 268, "x_max": 420, "y_max": 492}}, {"label": 0, "points": {"x_min": 248, "y_min": 268, "x_max": 420, "y_max": 492}}, {"label": 0, "points": {"x_min": 248, "y_min": 268, "x_max": 425, "y_max": 492}}, {"label": 0, "points": {"x_min": 248, "y_min": 268, "x_max": 425, "y_max": 492}}, {"label": 0, "points": {"x_min": 248, "y_min": 268, "x_max": 425, "y_max": 492}}, {"label": 0, "points": {"x_min": 248, "y_min": 268, "x_max": 425, "y_max": 492}}, {"label": 0, "points": {"x_min": 248, "y_min": 268, "x_max": 425, "y_max": 497}}, {"label": 0, "points": {"x_min": 248, "y_min": 268, "x_max": 425, "y_max": 508}}, {"label": 0, "points": {"x_min": 248, "y_min": 268, "x_max": 425, "y_max": 508}}, {"label": 0, "points": {"x_min": 248, "y_min": 268, "x_max": 425, "y_max": 508}}, {"label": 0, "points": {"x_min": 248, "y_min": 268, "x_max": 425, "y_max": 508}}]}