{"annotations": [{"label": 0, "points": {"x_min": 63, "y_min": 360, "x_max": 360, "y_max": 468}}, {"label": 0, "points": {"x_min": 63, "y_min": 360, "x_max": 360, "y_max": 468}}, {"label": 0, "points": {"x_min": 63, "y_min": 360, "x_max": 363, "y_max": 470}}, {"label": 0, "points": {"x_min": 63, "y_min": 360, "x_max": 366, "y_max": 470}}, {"label": 0, "points": {"x_min": 63, "y_min": 360, "x_max": 366, "y_max": 470}}, {"label": 0, "points": {"x_min": 63, "y_min": 360, "x_max": 366, "y_max": 470}}, {"label": 0, "points": {"x_min": 63, "y_min": 360, "x_max": 366, "y_max": 470}}, {"label": 0, "points": {"x_min": 63, "y_min": 360, "x_max": 366, "y_max": 470}}, {"label": 0, "points": {"x_min": 63, "y_min": 360, "x_max": 366, "y_max": 470}}]}