{"annotations": [{"label": 0, "points": {"x_min": 225, "y_min": 353, "x_max": 277, "y_max": 482}}, {"label": 0, "points": {"x_min": 203, "y_min": 309, "x_max": 277, "y_max": 492}}, {"label": 0, "points": {"x_min": 203, "y_min": 305, "x_max": 319, "y_max": 492}}, {"label": 0, "points": {"x_min": 203, "y_min": 303, "x_max": 319, "y_max": 492}}, {"label": 0, "points": {"x_min": 203, "y_min": 303, "x_max": 319, "y_max": 492}}, {"label": 0, "points": {"x_min": 203, "y_min": 303, "x_max": 319, "y_max": 492}}, {"label": 0, "points": {"x_min": 190, "y_min": 303, "x_max": 319, "y_max": 492}}]}