{"annotations": [{"label": 0, "points": {"x_min": 260, "y_min": 298, "x_max": 370, "y_max": 411}}, {"label": 0, "points": {"x_min": 245, "y_min": 295, "x_max": 380, "y_max": 510}}, {"label": 0, "points": {"x_min": 243, "y_min": 295, "x_max": 380, "y_max": 510}}, {"label": 0, "points": {"x_min": 243, "y_min": 295, "x_max": 453, "y_max": 510}}, {"label": 0, "points": {"x_min": 243, "y_min": 295, "x_max": 453, "y_max": 511}}, {"label": 0, "points": {"x_min": 243, "y_min": 295, "x_max": 453, "y_max": 511}}, {"label": 0, "points": {"x_min": 243, "y_min": 295, "x_max": 453, "y_max": 511}}]}