{"annotations": [{"label": 0, "points": {"x_min": 315, "y_min": 360, "x_max": 456, "y_max": 511}}, {"label": 0, "points": {"x_min": 315, "y_min": 360, "x_max": 456, "y_max": 511}}, {"label": 0, "points": {"x_min": 234, "y_min": 287, "x_max": 456, "y_max": 511}}, {"label": 0, "points": {"x_min": 234, "y_min": 287, "x_max": 456, "y_max": 511}}, {"label": 0, "points": {"x_min": 234, "y_min": 287, "x_max": 456, "y_max": 511}}, {"label": 0, "points": {"x_min": 234, "y_min": 287, "x_max": 456, "y_max": 511}}, {"label": 0, "points": {"x_min": 234, "y_min": 286, "x_max": 456, "y_max": 511}}, {"label": 0, "points": {"x_min": 234, "y_min": 286, "x_max": 456, "y_max": 511}}]}