{"annotations": [{"label": 0, "points": {"x_min": 390, "y_min": 407, "x_max": 494, "y_max": 504}}, {"label": 0, "points": {"x_min": 236, "y_min": 292, "x_max": 494, "y_max": 504}}, {"label": 0, "points": {"x_min": 236, "y_min": 292, "x_max": 502, "y_max": 511}}, {"label": 0, "points": {"x_min": 236, "y_min": 292, "x_max": 502, "y_max": 511}}, {"label": 0, "points": {"x_min": 236, "y_min": 292, "x_max": 502, "y_max": 511}}, {"label": 0, "points": {"x_min": 236, "y_min": 292, "x_max": 502, "y_max": 511}}]}