{"annotations": [{"label": 0, "points": {"x_min": 359, "y_min": 381, "x_max": 503, "y_max": 510}}, {"label": 0, "points": {"x_min": 328, "y_min": 350, "x_max": 503, "y_max": 510}}, {"label": 0, "points": {"x_min": 234, "y_min": 282, "x_max": 503, "y_max": 510}}, {"label": 0, "points": {"x_min": 232, "y_min": 282, "x_max": 503, "y_max": 510}}, {"label": 0, "points": {"x_min": 232, "y_min": 275, "x_max": 503, "y_max": 510}}, {"label": 0, "points": {"x_min": 232, "y_min": 275, "x_max": 503, "y_max": 510}}, {"label": 0, "points": {"x_min": 232, "y_min": 275, "x_max": 503, "y_max": 510}}]}