{"annotations": [{"label": 0, "points": {"x_min": 178, "y_min": 383, "x_max": 311, "y_max": 421}}, {"label": 0, "points": {"x_min": 158, "y_min": 378, "x_max": 356, "y_max": 421}}, {"label": 0, "points": {"x_min": 139, "y_min": 373, "x_max": 356, "y_max": 421}}, {"label": 0, "points": {"x_min": 139, "y_min": 373, "x_max": 369, "y_max": 438}}, {"label": 0, "points": {"x_min": 139, "y_min": 373, "x_max": 369, "y_max": 442}}, {"label": 0, "points": {"x_min": 139, "y_min": 373, "x_max": 369, "y_max": 442}}, {"label": 0, "points": {"x_min": 139, "y_min": 351, "x_max": 369, "y_max": 442}}, {"label": 0, "points": {"x_min": 139, "y_min": 351, "x_max": 369, "y_max": 442}}, {"label": 0, "points": {"x_min": 139, "y_min": 351, "x_max": 369, "y_max": 442}}]}