{"annotations": [{"label": 0, "points": {"x_min": 81, "y_min": 316, "x_max": 205, "y_max": 474}}, {"label": 0, "points": {"x_min": 69, "y_min": 316, "x_max": 205, "y_max": 474}}, {"label": 0, "points": {"x_min": 69, "y_min": 316, "x_max": 206, "y_max": 474}}, {"label": 0, "points": {"x_min": 63, "y_min": 316, "x_max": 206, "y_max": 474}}, {"label": 0, "points": {"x_min": 63, "y_min": 316, "x_max": 206, "y_max": 474}}, {"label": 0, "points": {"x_min": 63, "y_min": 316, "x_max": 206, "y_max": 474}}, {"label": 0, "points": {"x_min": 63, "y_min": 316, "x_max": 318, "y_max": 474}}]}