{"annotations": [{"label": 0, "points": {"x_min": 65, "y_min": 442, "x_max": 208, "y_max": 447}}, {"label": 0, "points": {"x_min": 65, "y_min": 442, "x_max": 319, "y_max": 453}}, {"label": 0, "points": {"x_min": 65, "y_min": 377, "x_max": 458, "y_max": 510}}, {"label": 0, "points": {"x_min": 65, "y_min": 376, "x_max": 469, "y_max": 510}}, {"label": 0, "points": {"x_min": 65, "y_min": 376, "x_max": 473, "y_max": 510}}, {"label": 0, "points": {"x_min": 65, "y_min": 376, "x_max": 473, "y_max": 510}}]}