{"annotations": [{"label": 0, "points": {"x_min": 264, "y_min": 381, "x_max": 363, "y_max": 507}}, {"label": 0, "points": {"x_min": 229, "y_min": 345, "x_max": 363, "y_max": 507}}, {"label": 0, "points": {"x_min": 206, "y_min": 345, "x_max": 363, "y_max": 507}}, {"label": 0, "points": {"x_min": 206, "y_min": 345, "x_max": 363, "y_max": 507}}, {"label": 0, "points": {"x_min": 206, "y_min": 327, "x_max": 388, "y_max": 507}}, {"label": 0, "points": {"x_min": 199, "y_min": 327, "x_max": 388, "y_max": 507}}]}