{"annotations": [{"label": 0, "points": {"x_min": 380, "y_min": 401, "x_max": 485, "y_max": 496}}, {"label": 0, "points": {"x_min": 315, "y_min": 342, "x_max": 485, "y_max": 496}}, {"label": 0, "points": {"x_min": 315, "y_min": 342, "x_max": 487, "y_max": 496}}, {"label": 0, "points": {"x_min": 232, "y_min": 286, "x_max": 487, "y_max": 496}}, {"label": 0, "points": {"x_min": 232, "y_min": 286, "x_max": 487, "y_max": 496}}, {"label": 0, "points": {"x_min": 232, "y_min": 286, "x_max": 487, "y_max": 496}}]}