{"annotations": [{"label": 0, "points": {"x_min": 296, "y_min": 324, "x_max": 502, "y_max": 509}}, {"label": 0, "points": {"x_min": 246, "y_min": 287, "x_max": 502, "y_max": 510}}, {"label": 0, "points": {"x_min": 246, "y_min": 287, "x_max": 502, "y_max": 510}}, {"label": 0, "points": {"x_min": 244, "y_min": 283, "x_max": 502, "y_max": 510}}, {"label": 0, "points": {"x_min": 244, "y_min": 281, "x_max": 502, "y_max": 510}}, {"label": 0, "points": {"x_min": 244, "y_min": 281, "x_max": 502, "y_max": 511}}, {"label": 0, "points": {"x_min": 240, "y_min": 277, "x_max": 502, "y_max": 511}}, {"label": 0, "points": {"x_min": 240, "y_min": 277, "x_max": 502, "y_max": 511}}, {"label": 0, "points": {"x_min": 240, "y_min": 277, "x_max": 502, "y_max": 511}}]}