{"annotations": [{"label": 0, "points": {"x_min": 360, "y_min": 370, "x_max": 496, "y_max": 502}}, {"label": 0, "points": {"x_min": 330, "y_min": 365, "x_max": 496, "y_max": 508}}, {"label": 0, "points": {"x_min": 330, "y_min": 357, "x_max": 496, "y_max": 508}}, {"label": 0, "points": {"x_min": 330, "y_min": 357, "x_max": 498, "y_max": 510}}, {"label": 0, "points": {"x_min": 330, "y_min": 357, "x_max": 498, "y_max": 510}}, {"label": 0, "points": {"x_min": 329, "y_min": 344, "x_max": 498, "y_max": 510}}, {"label": 0, "points": {"x_min": 285, "y_min": 304, "x_max": 498, "y_max": 510}}, {"label": 0, "points": {"x_min": 285, "y_min": 304, "x_max": 498, "y_max": 510}}, {"label": 0, "points": {"x_min": 285, "y_min": 304, "x_max": 498, "y_max": 510}}, {"label": 0, "points": {"x_min": 280, "y_min": 304, "x_max": 498, "y_max": 510}}, {"label": 0, "points": {"x_min": 280, "y_min": 304, "x_max": 498, "y_max": 510}}, {"label": 0, "points": {"x_min": 280, "y_min": 304, "x_max": 498, "y_max": 510}}]}