{"annotations": [{"label": 0, "points": {"x_min": 309, "y_min": 371, "x_max": 423, "y_max": 511}}, {"label": 0, "points": {"x_min": 282, "y_min": 334, "x_max": 436, "y_max": 511}}, {"label": 0, "points": {"x_min": 224, "y_min": 289, "x_max": 436, "y_max": 511}}, {"label": 0, "points": {"x_min": 224, "y_min": 288, "x_max": 436, "y_max": 511}}, {"label": 0, "points": {"x_min": 224, "y_min": 288, "x_max": 436, "y_max": 511}}, {"label": 0, "points": {"x_min": 224, "y_min": 288, "x_max": 436, "y_max": 511}}]}