{"annotations": [{"label": 0, "points": {"x_min": 318, "y_min": 328, "x_max": 433, "y_max": 475}}, {"label": 0, "points": {"x_min": 111, "y_min": 328, "x_max": 433, "y_max": 475}}, {"label": 0, "points": {"x_min": 111, "y_min": 289, "x_max": 433, "y_max": 475}}, {"label": 0, "points": {"x_min": 111, "y_min": 289, "x_max": 446, "y_max": 475}}, {"label": 0, "points": {"x_min": 99, "y_min": 289, "x_max": 446, "y_max": 475}}, {"label": 0, "points": {"x_min": 99, "y_min": 289, "x_max": 446, "y_max": 475}}]}