{"annotations": [{"label": 0, "points": {"x_min": 286, "y_min": 338, "x_max": 436, "y_max": 510}}, {"label": 0, "points": {"x_min": 286, "y_min": 338, "x_max": 436, "y_max": 511}}, {"label": 0, "points": {"x_min": 286, "y_min": 338, "x_max": 436, "y_max": 511}}, {"label": 0, "points": {"x_min": 230, "y_min": 296, "x_max": 436, "y_max": 511}}, {"label": 0, "points": {"x_min": 224, "y_min": 289, "x_max": 436, "y_max": 511}}, {"label": 0, "points": {"x_min": 224, "y_min": 289, "x_max": 436, "y_max": 511}}]}