{"annotations": [{"label": 0, "points": {"x_min": 273, "y_min": 333, "x_max": 389, "y_max": 511}}, {"label": 0, "points": {"x_min": 267, "y_min": 314, "x_max": 389, "y_max": 511}}, {"label": 0, "points": {"x_min": 267, "y_min": 314, "x_max": 403, "y_max": 511}}, {"label": 0, "points": {"x_min": 267, "y_min": 314, "x_max": 403, "y_max": 511}}, {"label": 0, "points": {"x_min": 248, "y_min": 278, "x_max": 403, "y_max": 511}}, {"label": 0, "points": {"x_min": 248, "y_min": 278, "x_max": 403, "y_max": 511}}, {"label": 0, "points": {"x_min": 248, "y_min": 278, "x_max": 403, "y_max": 511}}, {"label": 0, "points": {"x_min": 248, "y_min": 278, "x_max": 417, "y_max": 511}}]}