{"annotations": [{"label": 0, "points": {"x_min": 298, "y_min": 363, "x_max": 430, "y_max": 509}}, {"label": 0, "points": {"x_min": 291, "y_min": 363, "x_max": 430, "y_max": 509}}, {"label": 0, "points": {"x_min": 291, "y_min": 363, "x_max": 430, "y_max": 510}}, {"label": 0, "points": {"x_min": 291, "y_min": 363, "x_max": 430, "y_max": 510}}, {"label": 0, "points": {"x_min": 280, "y_min": 359, "x_max": 430, "y_max": 510}}, {"label": 0, "points": {"x_min": 280, "y_min": 359, "x_max": 430, "y_max": 510}}]}