{"annotations": [{"label": 0, "points": {"x_min": 264, "y_min": 314, "x_max": 460, "y_max": 510}}, {"label": 0, "points": {"x_min": 264, "y_min": 314, "x_max": 464, "y_max": 510}}, {"label": 0, "points": {"x_min": 264, "y_min": 314, "x_max": 464, "y_max": 510}}, {"label": 0, "points": {"x_min": 246, "y_min": 314, "x_max": 464, "y_max": 510}}, {"label": 0, "points": {"x_min": 242, "y_min": 289, "x_max": 464, "y_max": 510}}, {"label": 0, "points": {"x_min": 230, "y_min": 289, "x_max": 464, "y_max": 510}}]}